{
    "1_Attention": 0.6181772280024473,
    "2_Attention": 0.6382841429430443,
    "3_Attention": 0.6312960218438345,
    "4_Attention": 0.630076011843644,
    "5_Attention": 0.6382649105590066,
    "No_Attention": 0.626839732739859,
    "SegFormer_Decoder": 0.6335252668179959,
    "6_Attention": 0.644568363719526,
    "1_top_att": 0.6486849395525927,
    "2_top_att": 0.6448165071164159,
    "3_top_att": 0.6439037249444235,
    "4_top_att": 0.651984998121502,
    "baseline_only_4": 0.6208898592118433,
    "5_top_att": 0.6419231523815108,
    "pretrain_0_att": 0.6198903353100322,
    "pretrain_baseline": 0.6295797148569325,
    "pretrain_4_att": 0.6620570610149116,
    "pretrain_3_att": 0.6536491471374832,
    "pretrain_2_att": 0.6410115538688278,
    "pretrain_1_att": 0.6220135847056105,
    "pretrain_1_rev": 0.6509468941213005,
    "pretrain_2_rev": 0.6536030015673536,
    "pretrain_3_rev": 0.6569852940279469,
    "0_Att_full": 0.6386060972563506,
    "1_Att_full": 0.6348821621272194,
    "2_Att_full": 0.6438274841637234,
    "6_Att_full": 0.6643328184856117,
    "5_Att_full": 0.6618276781011314,
    "3_Att_full": 0.6509769529818583,
    "4_Att_full": 0.6642276223821396
}